{"Armature_Mesh":{"M_Armature_Body":{"Item1":{"x":0.346508026,"y":0.62083447,"z":0.7536156},"Item2":{"x":0.143512726,"y":-0.131886363,"z":0.379552454}},"M_Armature_Arms":{"Item1":{"x":0.784217834,"y":0.4592551,"z":0.655156},"Item2":{"x":0.426683426,"y":-0.1699636,"z":0.05857218}},"M_Armature_Legs":{"Item1":{"x":0.3606701,"y":0.6986394,"z":0.547207534},"Item2":{"x":0.182136536,"y":0.3583939,"z":0.374208868}}}}