{"Armature_Mesh":{"M_Armature_Body":{"x":0.2029953,"y":0.752720833,"z":0.3740632},"M_Armature_Arms":{"x":0.3575344,"y":0.6292187,"z":0.596583843},"M_Armature_Legs":{"x":0.178533554,"y":0.3402455,"z":0.172998667}}}