{"Armature_Mesh":{"x":0.3575344,"y":0.752720833,"z":0.596583843}}